sah,en
аайы,each
аар-маар,stupid
аах-маах,stupid
ааһыган,transient
аб-аһыы,extremely sour
аҕа,old
аҕыйах,lesser
айаас,wild
акаары,stupid
ала,skewbald
аламаҕай,affable
албас,cunning
аллаҕар,with mouth wide open
аллараа,low
алтыс,sixth
алыс,excessive
ама,simple
анагыскы,next
аппараах,very wide
аптамаахтык,automatic [<Russ. автоматик]
араас,different
араҕас,yellow
арбаҕар,messy-haired
астаах,substantial
астык,enjoyable
атын,other
ахтаах,rancid
аһаҕас,open
аһыныгас,compassionate
аһыныык,pitiful
аһыы,sour
ачаа,spoiled
аччыгый,small
аччык,hungry
баай,rich
баай дуол,rich
багдаҕар,broadshouldered
баллырҕас,blabbering
балыгымсак,fish-loving
бараан,dark
барбах,insignificant
бары,all
барымтыа,strong (of tea)
басса,this much
бастакы,first
бастыҥ,first
баһаам,abundant
баһырҕас,buzzing
бииллэр,well known
билигэс,curious
биһирэммит,popular
болоорхой,blurry
бор,undemanding with respect to food
бороҥ,gray/grey
боростуой,simple
борук-сорук,half-light
босхо,free
бөҕө,strong
бөдөҥ,big
булугас,resourceful
булумтуо,able to find
буортулаах,harmful
буос,pregnant (of animals)
буустаах,icy
бүтүн,whole
бүтэй,closed
бүтэй,closed
бүтэҥи,rather closed
бүтэһих,final
былаа,arch. long
былыргы,ancient
былыргытааҕы,pertaining to ancient times
бырдах,impure
бырыһыана,per cent [<Russ. процент]
быстах,intermittent
бытаан,slow
бытархай,small
бытархай,small
быһа,short
быччас,different
бычыкай,little
бэйэмсэк,selfish
бэкигир,lean
бэлиэтэммит,joined
бэлэм,ready
бэлэн,ready
бэргэн,accurate
гэннэ,behind
далан,reckless
дириҥ,deep
доҕолоҥ,lame
дөбөҥ,fast
дөйүө,sluggish
дуолан,vast fierce
дыды,similar
дьадаҥы,poor
дьайҕаа,clear
дьалбаа,absent-minded
дьиибэ,unusual
дьикти,strange
дьиҥ,TRUE
дьиэ таһыгар,around the house
дьоллоох,happy
дьонумсах,sociable
дьороҕой,cunning
дьөлөркөй,full of holes
дьүдьэх,skinny
дьүлэй,deaf
дьэҥкир,clear
дэҥ,rare
дэп-дэлэй,very abundant
иб-итии,very hot
иитиилээх,loaded (of a gun)
иитиэх,adopted
ииттийэх,adopted
иккэн,both
илдиркэй,falling to pieces
илэ,clear
имигэс,flexible
интэриэһинэй,interesting [<Russ. интересный]
инчэҕэй,wet
истигэн,obedient
истимтиэ,able to listen/obey
истиҥ,insincere
итигэс,hot
итирик,drunk
иччитэх,abandoned
ичэгэс,warm
килбик,timid
кирдээх,dirty
киэҥ,wide
киэҥ- киэҥ,very wide
киэһээ,nocturnal
көдьгө,alienated
көмүскэс,defensive
көннөрү,simple
көнө,straight
көп,fluffy
көппө,lazy
көрдөһүүк,constantly begging
көрсүө,modest
көрүмтүө,able to see
көтөх,skinny
көтүмэх,negligent
көһүүн,slow
крүcүн,Georgian
кубаҕай,pale
кубархай,pale
кугас,brown
куйа,miniature
куоскамсах,cat-loving
кур,arid
кураанах,dry
курас,pungent
курдук,same
курулас,gurgling
куттаас,fearful
кутталаах,dangerous
куһаҕан,bad
күлүмэх,flash-like exceptional
күлүүк,laughable
күндү,dear
күөх,blue
күтүр,stingy
күүстээх,strong
кыараҕас,close
кый,far
кылар,squinty
кылгас,short
кыҥкынас,clinking
кып-кыһыл,flaming red
кыра,small
кыраай,far away
кырааскалаах,colorful
кырагы,sharp-sighted
кыратык,small
кыратыҥы,smallish
кырдьаҕас,old
кырдьык,TRUE
кытаанах,hard
кытархай,reddish
кыһаан,pink
кыһыл,red
кыһыллыҥы,reddish
кыырай,far away
кэбирэх,flimsy
кэдэгэс,bending forward
кэлим,whole
кэлтэгэй,crooked
кэмчи,scarce
кэнэн,naïve
кэҥис,insatiable
кэп-кэтит,very wide
кэтит,broad
кэтэх,private
лөкө,stout
маадьаҕар,bandy-legged
мааны,dear
маҕан,white
маҥаас,white-headed (of a cow)
маҥан,white
маҥнайгы,first
минньигэс,sweet
мөлтөх,weak
мунаах,doubtful
мунчаар,anxious
муҥнаах,poor
мындыр,wise
мэлигир,absent
мэник,naughty
мэҥэ,eternal
мээнэ,useless
наада,necessary
наҕыл,calm
намыһах,low
намыын,calm
нарын,tender
начальнай,beginning
нуучча,Russian
нууччалыы,Russian (language)
ньоҕой,stubborn
ньолбуһах,oval
ньохчоҕор,stooping
ньулуун,insipid
ньургун,first
ньыла,sloping
нэс,stubborn
оргууй,quiet
ордук,spare
оройуоннааҕы,regional
оросу,late
оссо,that much
от күөҕэ,green
оччугун,small
өйдөөх,clever
өлбүт,dead
өлүөр,healthy
өр,long
өркөн,victorious
өс киирбэх,gullible
өтөр,recent
өһөс,stubborn
өһүргэс,touchy
паровой,steam-run [<Russ.]
пахайдыҥы,ugly
саамай,the very
саараҥы,indecisive
сааскы, сааскытааҕы
сабылаах,closed
саҕурууҥу,southern
саҥа,new
саҥас,daughter-in-law
сарсыҥҥы,tomorrow’s
саспыт,hidden
саха,Yakut
саһархай,yellow
сиикэй,raw
симик,shy
сиэмэх,carnivorous
сойук,cool
сойумтуо,quickly
сомоҕо,solid
сонос,stout
соһук,unexpected
сөҥ,thick (of cream)
сөп,right
сөрү-сөп, сөбүс-сөп
субуллаҕас,stretched out
субурхай,stretched
судургу,simple
сул,ragged
сулумах,unmarried
суон,fat
суудам,quick
суһал,urgent
сүөргү,improper
сүрүн,basic
сүүрүүк,disposed
сылаас,warm
сылай,having a poor appetite
сымнаҕас,soft
сымса,crafty
сымса,quick
сымса, сымсах
сынтаҕар,snub-nosed
сыппах,blunt
сырдык,light (of color)
сырдык саарыл,orange
сыстыган,contagious
сытыы,clever
сыһыамах,sociable
сыылба,lazy
сэдэх,rare
сэмэй,modest
сэниэ,well-off
сэнэх,in good condition
сэргэх,brisk
таамах,enigmatic
таба,correct
талба,chosen
талымас,choosy
тараҕас,bald
тастыҥ,outer
татым,insufficient
тиһэх,last
тиэрэ,wrong
томтоҕой,bulging
тоҥ,frozen
тоҥой, тоҥуй
тоттук,rude
төгүрүк,round
төкүнүк,round
тулуйумтуо,enduring
тунал,shining white
туспа,separate
тустуук,able to wrestle
тутах,insufficient
туһалаах,beneficial
түргэн,quick
түүтэх,fluffy
тыйыс,hard
тымныы,cold
тэҥ,equal
тэтэркэй,rosy
тэһэгэс,pierced through
улахан,large
улаханныҥы,biggish
улуу,great
умнуган,forgetful
уран,refined
урукку,former
уустук,complicated
уһун,long
үөһүү,upper
үрдүк,tall
үрүҥ,white
үтүө,good
үчүгиий-үчүгэй,very very good
үчүгэй,good
үчүгэй-үчүгэй,very good
хабыр,rude
халлаан күөҕэ,blue
халтархай,slippery
хамаҕа,saleable
хамаҕай,able
хампархай,breakable
хаҥсыа,snuffling
хап-хара,jet black
хаптаҕай,flat
хара,black
хара сордоок,poor
харам,thrifty
хараҥа,dark (of color)
хараҥа саарыл,purple
хат,extra
хатан,hard
хатыҥыр,slender
хой баһа,stupid
холку,calm
холоон,no better
холуочук,tipsy
хом,sad
хор,quickly consumed
хором,quickly consumed/finishing
хос,additional
хотуҥу,northern
хоһуун,diligent
чиҥ,dense
чиҥ-чиҥ,very dense
чугас,near
чугас-чугас,very close
чугастааҕы,found near
чугук,timid
чугыыс-чугас,very very close
чуор,sharp
чуумпу,quiet
чычаас,shallow
чэбдик,healthy
чэл,healthy
чэпчэки,light
ыарахан,difficult
ыары,sick
ыарыһах,sick
ыкын,tightfisted
ынырык,terrible
ып-ыраах,very far
ыраас,clean
ыраах,far
ыраахтааҕы,found far away
ырыган,thin
эдэр,young
эйэҕэс,peaceful
элбэх,multiple
эмис,fat
эндиэ,wrong
эргэ,old
эрдээх,masculine
эрэ,just
эрэл,reliable
этигэн,sonorous
этимсэк,meat-loving
этиһиик,quarrelsome
ээҕий,sarcastic
арҕаа,west
аҥардас=,(be) single
баран,after
иһин,for
кытта,with
аҕыйахтых,somewhat
аллара,down
аны,now
арай,only
арыт,sometimes
баарыын,recently
бала,much
бастаан,from the beginning
билигин,now
бөлүүн,in past years
бука,namely
букатын,quite
бүгүн,today
быйыл,this year
былыр,formerly
былырыын,last year
бытаанык,slowly
бэҕэһээ,yesterday
бэлиэр,already
бэрт,very
да,also
дьөссө,still
дэлби,very
дэлэ,very
иккитэ,twice
иннэгэр,in front of
иттэнэ,backwards
иһигэр,inside
иһирдьэ,inside
ичэгэстик,warmly
куруук,constantly
куучча,quite
куһаҕаннык,poorly
күнүс,by day midday
кэнна,behind
кэннигэр,behind
маарыын,recently
маарыын,recently
майдын,formerly
мэлдьи,always
наһаа,very
олох,entirely
олус,quite
оннук,so
онус,quite
оруобуна,exactly
отой,entirely
оччоҕо,then
өссө,still
ситэ,completely
соруйан,on purpose
сүнньүнэн,overall
тус,separately
урут,previously
үчүгэйдик,well
хата,finally
хойук,dial cf хойут later
хойут,later
чуо,exactly
эгэ,all the more
эмискэ,at once
эмиэ,too
эрдэ,early
эрэгэр,always
кэнэҕэс,then
сайын,summer
сарсыарда,morning
сарсын,tomorrow
биитэр,or
биэтэр,or
да…да,and
даҕаны,both…and
ду, дуу
дуо,whether interrogative particle no translation
оттон,but
уонна,and
эбэтэр cf биэтэр, биитэр
аа,Oh! See!
абытай,Whew!
айыкка,Ouch!
ар,Roar!
баа,low voice
бай,Well!
бар,Roar!
баһаалысса,Please! [<Russ. пожалуйста]
баһаалыста,Please! [<Russ. пожалуйста]
баһыыба,Thanks!
бирибиэт,Hello! [<Russ привет]
буу,Wheeze!
бырастыы,Excuse me! [<Russ. прощат]
быраһаай,Good bye! [<Russ. прощай]
даа,Croak!
даах, даах
дорообо,Greetings! Hello!
ким,who?
кимиэнэй,whose?
кимнээх,who (pl.)?
күү,Buzz!
кэҕэ,Cuckoo!
мэ,Here! Take!
нокоо,Hey you!
ноо,Hey! Stop!
нохоо,Hey you!
ньаа,Squeak!
өө,Oh!
па,Ugh! Faugh! Yuck!
пахай,Ugh! Faugh! Yuck!
та,Tap!
тоҕо,why?
төһө,how much
туох,what
түксү,Enough!
хаа,hoarseness
хайа,Well! What now?!
хайдах,how
ханна,where
ханнык,which
хантан,from where
хас,how much?
хаһыс,which
һа,Laugh!
һай,Go! (used for driving cattle)
һат,Giddy-up!
һуу,Yikes! Wow! Whew!
ча,Laugh!
чалк,Splash!
ысса,Cold!
э,Huh?
эһээ,huh?
ээ,yes
аак,document
аал,ship
аан,door
аана,gate
аас,hunger
аат,name
аат тыл,noun
аат-суол,fame
аата,comp. title
аах,document
аба,grief
абаасы,ogre
абаатар,comp. avatar
абааһы,ogre
абаҕа,uncle (paternal)
автомобиль,automobile
агроном,agronomist
аҕа,father
аҕа-ий̃э,parents
аҕабыыт,priest
аҕас,sister (elder)
адаар,gnarl
адьарай,small demon
адьас,quite
айа,crossbow
айан,road
айанньыт,traveler
ай̃ах,mouth
айдаан,noise
аймах,relative
айхал,glory
айылҕа,nature
айымньы,creation
айыы,production
ай̃ыы,sin
акушерка,midwife
алаадьы,fritter
алаас,large open field with one or more lakes
Алааска,Alaska
алар,woods
албаҕа,flattery
албын,deceit
алгый,large kettle
алгыс,blessing
алҕас,error
алдьархай,destruction
алтан от,dandelion
алтынньы,October
алын,lower part
алып,magic
алыһар,perch (fish
Америка,America
Америка Холбоһуктаах Штаттара (АХШ),United States of America (USA)
ампаар,barn
ампаар дьиэ,Russian hut
анал,destiny
андаҕар,vow [<Mong. andağar]
анды,velvet scoter (Melanitta fusca)
ап,sorcery
апка, аппа
араама,frame [<Russ. рама]
араары,partitive(case)
арааһынай,different things
арахcыы,expenses
аргыс,companion
аргыһах,dial cf оргуһах yoke
ардах,rain
ардьаах,large fish trap with a wide opening
арсыын,arshin
артыал,artel
арыгы,wine
арыгыһыт,alcoholic
арыы,butter
арыы,island
ас,food
ас,hair
ассыын,arshin
асчыт,cook
ат,horse
ат кунан,steer
ат оҕус,bullock
ат сэбэ,harness
атас,friend
атас-доҕор,friends
атах,foot
атах таҥаһа,footwear
аттаах,horsemen
атырдьах ыйа,August
атыы,commerce
атыыр,stallion
атыыр оҕус,stud bull
атыыр оҕус,stud-bull
атыыр сибиинньэ,boar
аудитория,audience [<Russ.]
ах,rancidity
ахсаан,account
ахсынньы,December
аһаҕас дорҕоон,vowel
аһарыы,comp. autologin
аһылык,meal
аһылык,feed
аһыҥа,locust
аһыы,molar
аһыы сүөргэй,sour cream
ача,mountain sedge
баай-күүс,wealth and power
баайар массыына,baler
баак,fact [<Russ. факт]
баан,bank [<Russ. банк]
баанньык,bath
баас,wound
баата,wadding
баах,fact [<Russ. факт]
бааһына,field
бааччах,complication
баҕа,desire
баҕа,frog
баҕа батаһы,iris (flower)
баҕана,peg
бадараан,swamp
байаҕал,ocean
Байаҕал,Lake Baikal
балаакка,tent [<Russ. палатка]
балаатка,tent [<Russ. палатка]
балаҕан,yurt
балаҕан ыйа,September
баланыысса,hospital [<Russ. больница]
балбаах,dung heap
балта,hammer
балтым,my younger sister
балык,fish
балыксыт, балыкчыт
балыс,sister (younger)
балыыта,valyuta
барабыай,sparrow [<Russ. воробей]
барнак,criminal
барча,brocade [<Russ. парча]
барыанньа,jam
барыл,sketch
барыта,index
барыы,departure
барыы,coming and going
бас,head
батаҥа,leather purse
батас,large knife
баттааһын,pressure
баттал,oppression
баттах,hair
баһаар,bazaar
баһымньы,hoe
баһыыба,thanks
баһыыба махтал,gratitude
баһыыба махтал,gratitude
бачыыҥка,(high-button) shoes [<Russ. ботинки]
бензин,gasoline
библиотека,library [<Russ.]
бигэргэтии,comp. confirm
бии,elder
биибэ,beer [<Russ. пиво]
биилкэ,fork [<Russ. вилка]
биилэрии,declaration
биис,sort
биит,comp. bit
биит түргэнэ,bitrate
бииһэк,list [<Russ. список]
бил,Siberian salmon (Onchorhynchus sp.)
билгэ,prognosis
билии,data
билии олоҕо,database
билиидэ,range
билиэт,ticket [<Russ. билет]
билэ,comp. file
бинтиэпкэ,(automatic) rifle [<Russ. винтовка]
биригэдьиир,brigadier
биригээдэ,brigade
бириһэм,admiration
бириэмийэ,prize
бириэрмэ,time (conceptually) [<Russ. время]
биһик,cradle
биһирэм,admiration
биэ,mare
биэдэрэ,pail [<Russ. ведро]
биэчэр,evening
боб,bean
бодо,appearance
бодьох,timeframe
болуот,raft
болуотунньук,carpenter [<Russ. плотник]
бомба,bomb
боотур,epic hero [<Mong. bağatur]
боппуроус,question
боробулуоха, борубулуоха
борогуул,stroll
бородуукта,product [<Russ. продуkт]
борокуот,steamship [<Russ. параxод]
боронньу,harrow [<Russ. борона]
боросуонак,shoat
боротокуол,protocol
борошко,yearling calf
бортунуой,tailor [<Russ. портной]
боруу,horsetail (plant – Equisetum sp.)
бостуух,herdsman
босхолооһун,liberation
ботуруон,cartridge
бочугурас,hazel grouse
бөлкөй,islet
бөлөх,group
бөрө,wolf
бөрөһүт,wolf hunter
бөтүүк,cock
бөх,garbage
бөх-сах,rubbish
бөһүөлэк,village
бугул,stack
булгуньах,peak
булкуур,confusion
булт,prize
булуук,plow [<Russ. плуг]
булчут,hunter
буобар,cook
буоҕу,prohibition
буом,obstacle
буор,ground
буорах,powder
буордаах,earthy
буорту,harm
буоһа,reins
буоһа cf муоһа,reins
буочука,barrel
бургунас,heifer
бурдук,grain
бурдук астааһына,threshing
бурдук быһаачы,reaper
бурдук быһыыта,reaping
бурдук үүннэрии,grain or crop production
бурдук ыһар сир,agricultural field
буруй,guilt
буруо,smoke
бутугас,soup
бууйла,bullet [<Russ. пуля]
буулдьа,bullet
буулка,roll
буун,point
буурҕа,storm
буус,ice
буус cf. муус,ice
буут,hip
буух,down (feathers) [<Russ. пуx]
буһарча,type of fish dish
бүгүдьэх,gadfly
бүк,fold
бүлүүссэ, бүлүүһэ
бүө,cork stopper
бүөм,cozy
бүөр,kidney
бүргэс,awl
бүрүүкэ,pants
бүтүү,end
бүтэй,fence
бүтэй дорҕоон,consonant
быа,rope
быар,liver
быаһыт ынах,cow able to slip leashes
быдаан,fog
былаадьах,stick for a shaman’s drum
былаан,plan [<Russ. план]
былаат,shawl
былаах,flag [<Russ. флаг]
былахы,flea [<Russ. блоxа]
былыт,cloud
быраас,doctor [<Russ. врач]
быраат,brother (younger) [<Russ. брат]
бырааһынньык,holiday
бырамыысыланаһы,industry [<Russ. промйшленость]
бырастыына,sheet [<Russ. простыня]
бырдах,mosquito
быт,louse
бытаһыт,mouse
быттык,groin
бытык,mustache
бытырыыс,scrap
быһа тардыы,comp. quote
быһаарыы,description
быһар массыына,harvester
быһах,knife
быһыйа,small knife
быһыт,barrier preventing passage
быһыы,cutting piece
быһыы-майгы,situation
быччын,muscle
быыбар,election [<Russ. выборы]
быыл,dust [<Russ. пыль]
быыс,border
бэбиэскэ,message
бэдэр,lynx
бэйэ,body
бэлимиэн,dumpling
бэлиэ,comp. account
бэлиэ,sign
бэлэх,gift
бэргэһэ,cap
бэрик,bribe
бэриниэ,featherbed [<Russ. перина]
бэрэбэнэ,log [<Russ. бревно]
бэрэмээт,seine [<Russ. перемëт]
бэс,pine (tree)
бэс ыйа,June
бэтириэт,portrait [<Russ. портрет]
вагон (вагуон),railway car [<Russ. <Fr.]
васа,vase [<Russ.]
велосипед,bicycle [<Russ.]
ветеринар,veterinarian [<Russ.]
врач,doctor
гектар,hectare [<Russ.]
голууб,pigeon [<Russ. голубь]
горчица,mustard [<Russ.]
гостиница,hotel [<Russ.]
государства,[<Russ. государство]
грамм,gram [<Russ.]
гуорат,city [<Russ. город]
гуорат cf. куорат,city [<Russ. город]
дабархай,wood tar
даҕааһын,touching lightly
дайды,dial cf дойду land
дакылаат,report [<Russ. доклад]
дал,cattle-pen
далай,sea
далда,shelter (for livestock)
дирэктар, директор
диэки,direction
диэкки,direction
дойду,land
долбуур,shelf
долгун,wave (of water)
дорҕоон,sound
дорҕоон,consonant
доруобуйа,health [<Russ. доброта]
доруобунньук,buckshot [<Russ. дробинка]
дохуот,profit
дөлүһүөн,honeysuckle
дуга,bow
дугда,planting
дулҕа,hillock
дуол,open space
дуораан,echo
дуоска,chalkboard
дурба,pipe
дурда,stronghold
дуумай,consideration [<Russ. думай]
дьаакыр,anchor [<Russ. якорь]
дьаам,power
дьаама,pit
дьаарысса,spring grain
дьаат,demon evil
дьааһык,box
дьааһыла,cradle [<Russ. ясли]
дьабадьы,corner of the mouth
дьабара,gopher
дьай,dirt
дьайыҥ,side
дьам,postal relay station
дьам,road [<Mong. ǰam]
дьаҥ,illness
дьапталҕа,layer
дьаралык,comp. icon
дьаһал,management
дьаһалта,order
дьиссипилиннэ,discipline [<Russ. дисциплина]
дьиэ,house
дьиэ сууйааччы,janitor
дьиэ-уот,home
дьиэһит,housekeeper
дьол,happiness
дьон,people
дьөлөҕөс,hole
дьукаах,neighbor
дьулуур,diligence
дьуолка,fir tree
дьууппа,skirt
дьуһуурунай,officer of the day
дьүкээбил,Yukaghir aurora (borealis)
дьүкээбил уота,aurora (borealis)
дьүл,appearance throught
дьүһүн,appearance
дьүһүн-бодо,appearance
дьыл,year
дьылҕа,destiny
дьэбин,rust
дьэндьэн,strawberry
дьэҥкир арыы,boiled butter
дэлэй,abundance
дэҥ,accident
жирафа,giraffe [<Russ.]
жнейка,harvester
жюпи,jury
завод (pl. заводтар),factory [<Russ.]
звонок,bell [<Russ.]
игии,file (tool)
идэ,occupation
ии,circle
иик,urine
иирдэр массыына,churn
иирдэр массыына,churn
иис,sewing
иистэнэр массыына,sewing machine
ий̃э,mother
ий̃э дойду,motherland
ий̃э хара,entirety
ил,friendship
илдьит,ambassador
илии,hand
илим,net web (of a spider)
илин,front (side)
им,sunset
им-дьим,silence
инженер,engineer [<Russ.]
ини, инни
инньэлик,needle-case
иннэ, инньэ
инструктар,instructor [<Russ.]
иҥиир,tendon
иҥсэ,greed
ириҥэ,pus
ириэрии,thaw
ис,inside
ис таҥас,inside clothing
искэн,swelling
искэх,roe
испиир,spirits
испиискэ,matches [<Russ. спичка]
испииһэк,list [<Russ. список]
испииһэк cf. бииһэк,list [<Russ. список]
испэктээк,show
истии,cabbage soup [<Russ. щи]
истиэнэ,wall [<Russ. стена]
истээх таҥас,lined clothing
истээччи,listener
итии,heat
итэҕэл,belief
итэҕэс,lack
иһит,container
иһит-комуос,kitchenware
иһитиннэрии,information
иһэҥэ,stirrup
иччи,internal spirit master ghost
иэдьэгэй,cottage cheese
иэдэс,cheek
иэн,size
иэс,debt
калап,hat
кампания,campaign
каникул,vacation
капитан,captain [<Russ.]
карта,map [<Russ.]
карточка,file card [<Russ.]
кии,manure
киий̃ит cf. киньиит,daughter-in-law
киилэ,kilo
киин,navel
киинэ,movie
киирии,comp. access
киирии аат,comp. login
киирии тыл,password
киис,sable (Martes sp.)
киис тиҥилэҕэ,stone bramble(Rubus saxatilis)
килиэп,bread [<Russ. xлеб]
киллэһик,insertion
километр,kilometer [<Russ.]
килэҥ,reflection
кингиэ кумааҕы,books and papers
кинигэ,book [<Russ. книга]
киньиит cf. киий̃ит,daughter-in-law
киоск,newsstand
кир,dirt
кирилиэс,staircase
кирпииччэ,brick [<Russ. кирпич]
кирээдэ,(flower) bed [<Russ. гряда]
киһи,person
киэп,form
киэпкэ,baseball cap [<Russ. кепка]
киэргэ,arch. jewel
киэһэ,evening
колхуос,kolkhoz
комбайн,combine
комиссия,commission
комитэт,committee [<Russ.]
коммунист,communist [<Russ.]
комуос,dipper
конституция,constitution [<Russ.]
концерт,concert [<Russ.]
кооператив,co-op
көҕө,hook
көҕөн,wild duck
көҕүс,spine
көйөргөн,ferment
көлө,working cattle
көлөһүн,sweat
көннөрөөччү,rectifier
көҥүл,freedom
көппөх,junk on the surface of water
көр,fun
көр-нар,fun
көрдөрүү,index
көрүнньүк,gallery
көрүҥ,appearance
көрүҥэ,version
көрүү,comp. view
көс,arch. eye
көс,mile
көстүрүүҥкэ,sauce-pan
көстүүм,suit (of clothing) [<Russ. костюм]
көтөр,bird
көтөр-сүүрэр,animals
көтүтэр массыына,winnower
көх,enthusiasm
көхө,hatrack
крем,cream [<Russ.]
куба,swan (Cygnus sp.)
кубарнатор,governor
куйаар,outer space
куйаас,heat
куй̃ах,armor
куйуур,fishing net
кулахы,bug
кулгаах,ear
кулун,foal
кулун тутар,March
кулут,slave
кулууп,(social) club [<Russ. клуб]
кумааҕы,paper
кумах,sand
куобах,hare
куоҕас,loon (Gavia sp.)
куолай,esophagus
куолас,ear of grain [<Russ. колос]
куолас,voice
куопта,woman’s jacket [<Russ. кофта]
куорат,city [<Russ. город]
куорма,stern (of a ship) [<Russ. korma]
куорсун,feather
куоска,cat [<Russ. кошка]
куоталаһыы,competition
кур,belt
кураан,drought
куртах,stomach
куртуйах,black grouse (Tetrao tetrix)
курум,feast
куруҥ, куруҥах
куруппа,groats (barley) [<Russ. крупа]
куруппааскы,partridge [<Russ. куропатка]
куруһох,circle
кус,duck
кус-хаас,water fowl
кусчут, куччут
кута,swamp
кутаа,bonfire
куттал,fear
кутуйах,mouse
кутурук,tail
куукула,doll [<Russ. кукла]
куукуна,kitchen [<Russ. кухня]
куул,bag matting
куурусса,hen
кууча,heap
күкүр,feed trough
күл,ash
күлгэри,lizard
күлүк,shade
күлүм,smile
күлүм,sparkle
күлүү,laughter
күлүүс,key [<Russ. ключ]
күн,sun
күн ортото,midday
күн ый,time
күндэ,darling
күннүк,diary
күнүс,midday
күнүүһүт,jealous man
күөгү,fishing pole
күөл,lake
күөмэй,throat
күөнэх,Eurasian minnow (Phoxinus phoxinus)
күөрчэх,drink made with milk
күөрэгэй,lark (bird)
күөс,(cooking) pot
күөх дьай,misfortune
күөх дьай,misfortune
күөх сүрэх,lazy person
күрбэ,bridge
күрдьэх,shovel
күртэх,shovel
күрүө,fence
күрээдьэх,runaway
күрээтинньик,chicken coop [<Russ. курятник]
күс,autumn
күтүөт,son-in-law
күтэр,muskrat (Ondatra zibethicus)
күүс,strength
күүс-уох,strength
күһүн,autumn
кыа,tinder
кыаллар үлэ,managerial work
кыах,mastery
кыбаас,kvass [<Russ. квас]
кыбытык,insertion
кыл,horsehair
кылаас,class
кыламан,eyelash
кымньыы,whip
кымырдаҕас,ant
кымыс,kumiss (fermented mare’s milk)
кынат, кый̃ат
кыптый,scissors
кыраабыл,rake [<Russ. грабли]
кырааска,paint
кырбас,piece
кырса,polar fox
кырыа,frost
кырык,anger
кырынаас,ermine (Mustela erminea) [<Russ. горностай]
кырыы,furthest border
кырыымпа,violin [<Russ. скрипка]
кыс мас,wood cut in the fall to prepare for winter
кыс хаар,winter snow
кыстык,winter house
кыстыыр көтөр,winter birds
кыталык,stork
кытыйа,large wooden bowl
кытыл,shore
кыһа,hearth
кыһа,horn
кыһалга,need
кыһыл көмүс,gold
кыһыл оҕо,infant
кыһыл хаптаҕас,red currants (Ribes rubrum)
кыһын,winter
кыһыы,resentment
кыыбах,grain
кыыл,animal
кыыл таба,wild reindeer
кыым,spark
кыын,sheath
кыырт,hawk
кыыс,girl
кэбиһиилээх от,haystack
кэккэ,row
кэкэ-бука,Krüper’s nuthatch (Sitta krueperi)
кэлии барыы,coming and going
кэлин,back (side)
кэлтэһэ,stye (of the eye)
кэм,time
кэнсэлээрийэ,chancellery office [<Russ. канцелярия]
кэпсэтии,topic
кэпсээн, кэпсэл
кэрбээччи,rodent
кэргэн,family
кэс,cow with calf
кэскил,fate
кэтэбил,guard
кэтэҕэр,behind
кэтэх,nape
кээмэй,measure
лаампа,lamp
лааппы,shop
лааскай,weasel (Mustela sp.) [<Russ. ласка]
лаах,lacquer [<Russ. лак]
лабаа,branch (of a tree)
Лена,Lena river
лётчик,(airplane) pilot
лиэксийэ,lecture [<Russ. лексия]
лотерея,lottery [<Russ.]
луодур,loafer
луоска,spoon [<Russ. ложка]
луук,onion (Alium cepa) [<Russ. лук]
лыглыйа,barnacle goose (Branta leukopsis) [<Russ?]
лэппиэcкэ,pastry
магаһыын,shop
маҕаас,white-faced cow
маҕана,peg
майаҕас,lake salmon (Onchorhynchus sp.)
майгы,mood
малааһын,feast
малатыылка,thresher [<Russ. молотилка]
маллаах иһит,birchbark dishes with sewn work
манньа,favor pay
марай,soiling
мас,tree
мас кус,wood duck (Aix galericulata)
мас ууһа,carpenter
массыына,machine
матаҕа,large back
матараас,mattress [<Russ. матрац]
махтал,thanks
махтал баһыыба,gratitude
металл,metal [<Russ.]
мииcкэ,bowl
мин,soup
мичилик,comp. smiley
мичээр,smile
миэбэл,furniture [<Russ. мебель]
миэл,chalk [<Russ. мел]
миэлиҥсэ,mill [<Russ. мелница]
миэлиссэ,mill [<Russ. мелница]
моҕотой,chipmunk
моҕотойдьут,chipmunk hunter
моой,neck
мооньоҕон,black currant (Ribes nigrum)
мооньоҕон,northern pintail (duck – Anas acuta)
моркуоп,carrot (Daucus carota) [<Russ. морковь]
мороду,Baikal teal (Anas formosa)
морфология,morphology
мостуруской,workshop
мохсоҕол,hawk
мөккүөр,argument
мөлүүк,profit
музыка,music [<Russ.]
муксуун,muksun (Coregonus muksun)
мунду,loach (fish)
муннук,corner
мунньак,meeting
мунньах,meeting
муҥ,suffering
муҥур,weasel (Mustela sp.)
муҥурдаах,large intestine
муҥха,seine
муора,sea [<Russ. море]
муос,horn
муос ууһа,ivory carver
муоста,floor
муоһа,reins
мурун,nose
мутук,twig
мутукча,needle (of a tree)
муус,ice
муус устаар,April (lit. ‘ice floats’)
муус устар,April
мүнүүтэ,minute [<Russ. минута]
мындаа,top
мыыла,soap [<Russ. мыла]
мэйин,brain
мэкчиргэ,owl
мэнэх,dial. musk deer (Moschus moschiferus)
мэнээк,dial. wild reindeer
мэҥ,birthmark
мэһэй,annoyance
мээчик,ball
наскы,sox
норуот,people
нуомас,news
нуора,swamp
нуорма,norm
нуур,doze
ньаадьы,teacher
ньаалбаан,tin
ньаат,kind of diving bird
ньилбэк,knee
ньирэй,(newborn) calf
ньиэмиэт,pattern
ньочох,young hare
ньуора,njuora
ньургуһуун,snowdrop (plant
ньуур,face
ньүөл,moisture
ньэчимиэн,barley [<Russ. ячмень]
нэдиэлэ,week [<Russ. неделя]
нэһилиэк,nasleg
нэһилиэнньэ,village
оборчо,tube
обот,appetite
обоччо,tube
обуос,wagon train
огурсуу,cucumber [<Russ. огурец]
оҕо,child
оҕоһут,nurse
оҕунуох cf аҕыныах,salve
оҕуруо cf. аҕырыа,glass beads
оҕуруот,vegetable garden [<Russ. огород]
оҕуруот аһа,vegetables
оҕус,ox
ой,woods
ойбон,icehole
ойоҕос,rib side
ойоос,small island
ойох,woman
ойун,shaman
ойуур,forest
олбуор,court
олбуор аана,gate
олом,ford
оломто,basis
олоҥхо,epic poem
олоҥхоһут,epic poet
олоппос,chair
олох,life
олунньу,February
омурт,cavity of the mouth
оҥкучах,cellar
оҥоһук,something which has been made
оҥочо,boat
ооҕуй,spider
ооҕуй оҕус,spider
оонньуу,game
оргуһах,yoke
ордук,more
ордуу,camp
орой,top (of the head)
оройуон,region
орон,land
орто,middle
орулуос,golden eye (duck – Bucephala clangula)
оруос,winter rye [<Russ. рожь]
ос,boot top
оскуола,school [<Russ. скола]
остолуобай,dining room
остоолбо,pillar
остуол,table [<Russ. стол]
остуолба,post
остуорас,watchman [<Russ. сторож]
от,grass
от ыйа,July (lit. ‘grass month’)
от ыйа,July
от-мас,vegetation
отон,berry
оттук,fuel
отуу,grass hut
отчуот,report
отчут,person who mows grass
ох,arrow
ох саа,bow
оһоҕос,intestines
оһох,stove
өй,mind
өйүө,provisions
өл,exterior part of a carp
өрбөх,rags
өрөбүл,day off
өрөгөй,surface
өрөгөй,success
өрүс,(large) river
өрүт,side
өс,spite
өс,word
өстүөкүлэ,glass [<Russ. стекло]
өт,forest fire
өтөн,wild dove
өтөх,farm
өттүк,thigh
өтүйэ,hammer
өһөс, өһөгөй
паарта,(student’s) desk [<Russ. парта]
падэж,case (grammatical) [<Russ.]
парк,park [<Russ.]
подсвешник,candlestick [<Russ.]
поликлиника,general clinic [<Russ.]
полк,regiment [<Russ.]
помидор,tomato [<Russ.]
почта,mail
председатель,chairman
принцип,principle [<Russ.]
промышленность,industry [<Russ.]
пуун,point
рабочай,worker [<Russ.]
революцюя,revolution[<Russ.]
редакция,editorial office [<Russ.]
рецепт,prescription [<Russ.]
ромб,rhombus [<Russ.]
рэспублика,republic
саа,gun
саас,age
саат,shame
сааһы,order
саҕа,collar
саҕах,horizon
сайын кыһын,the whole year
салааһын,licking
салайааччы,manager
салалта,government
салҕааһын,continuing
самыыр,rain
санаа,though
саҥа,speech
саҥа-иҥэ,speech
саҥардааһын,comp. update
сап,thread
сарыы,suede
сарыы кынат,bat (animal)
сата,bezoar stone
сатабыл,ability
Саха Сирэ,Yakutia
саха тыл,Yakut language
сахыматчыт,chess player
саһарҕа,dawn
сибэкки,flower
сиидэ,sieve
сиик,humidity
сиик,sap
сил,saliva
силим,glue
сиппиир,broom
сир,land
сир аһа,berry
сирдьит,guide (person)
сирэй,face
сирэй харах,face
сис быата,saddle strap
ситим,connection
сиэб,pocket
сиэл,mane
сиэҥ,carrion
собуйар аат,pronoun
соҕох,pestle
соҕуруу,south
солбуйар аат,pronoun
солбук,replacement
соло,rank
солооһун,clearing
солуур,bucket
сон,coat (clothing)
сонун,news
сонун нуомас,news
сото,shin
соттор,towel
сөтөл,cough
студент,student [<Russ.]
субурҕа,sheaf of wheat
сулус,star
суо,greatness
суол,road
суолта,meaning
суор,raven
суор-тураах,carrion-crows
суорат,sour milk
суорҕан,blanket
суос,strictness
сурах,news
сурах-саддьык,gossip
сурук,writing
сурук-бичик,alphabet
сут,hunger
сүбэ,advice
сүбэһит,advisor
сүөм,inch
сүөмүйэ,finger
сүр,scarecrow
сүр,soul
сүргэ,mood
сүрдьүгэс,pole serving as a basis for a fence
сүрэх,heart
сүүрээн, сүүрүк
сүүс,forehead
сыа,fat
сыбах,plaster
сыл,year
сылаа,tiredness
сымыйа,lie
сымыйаччы,liar
сымыыт,egg
сырай,dial cf сирэй face
сыт,odor
сыт-сымар,strong odor
сыттык,pillow
сыһыан,relation
сыһыат,adverb
сыыһа,mistake
сэниэ,energy
сэтэ,malice
таабырын,puzzle
таас,stone
таба,reindeer (Rangifer tarandus)
табаары,goods
табах,tobacco
табыл,luck
табыс,luck
таламаһа,comp. interface
талба,comp. menu
таҥара,God
таҥас,clothes
таҥас-сап,clothes
таптал,love
тараах,comb
тас,exterior
тастыҥ убай,cousin
таһарыы,ablative (case)
таһым,level
телеграф,telegraph [<Russ]
тиис,tooth
тимир,iron (metal)
тимир ууһа,ironsmith
тимэх,button
тиҥилэх,claw
тирии,leather
тиһилик,chain
тобурах,hail (weather)
тойо, тойон
тойот,lords
толкуй,thought [<Russ. tolkuй]
толон,degree
толоон,valley
томоон,order
тоҥот,crust of ice over snow
тоҥсоҕой,woodpecker
торбос,calf (cow)
тот,repletion
тохтобул,stop (for a bus
тоһоҕо,nail
тоһуур,ambush
төбө,head
төбөт,urchin
төгүрүмтэ,circle
төлөбүр,payment
төрөппүт,parent
төрүт,origin
төрүччү,genealogy
туйах,hoof
тула,environs
тулаһа,courtyard
тулук,tolerance
тума,spice
тумалык,specialty
тумул,cape
тумус,bill
туом,custom
туос,birchbark
туохтуу,nominative (case)
туохтуур,verb
туоһу,witness
тураах,crow
турба,pipe
туртас,roe deer (Capreolus capreolus)
туруйа,crane (bird)
турук,status
туруоруу,comp. field
тус,arch. side
тусаһа,courtyard
тутаах,handle
туттуу,instrumental (case)
тутул,system
тутум,unit of length equivalent to the length of one’s fist
туус,salt
түбүк,worry
түбүк-садьык,worries
түмэн,parliament
түннүк,window
түөлбэ,remote place
түөс,breast
түү,fur
түүтэх,sheaf
түһүк,grammatical case
түһүлгэ,arena
түһүлүк,breastplate
түһүмэх,chapter
тыа,woods
тыал,wind
тыас,noise
тыатааҕы,euph. bear
тыл,tongue
тыл-өс,speech
тылбаасчыт,translator
тыы,skiff
тыын,breath
тэбилик,support
тэбиҥ,mentor
тэлгэһэ,yard
тэллэй,mushroom
тэрилтэ,company
убай,brother (elder)
угут,poultice
уйааһын,weighing scales
уйулҕа,emotional state
уллуҥ,sole (of foot)
уллуҥах,sole (of foot)
умнас,stem
уол,boy
уолба,body of water with water having subsided
уорба,suspicion
уос,lip
уот,fire
уох,might
ур,lump
урамньый,art
уруок,lesson
уруһуй,painting comp. image [<Russ. risuй]
утах,thirst
утум,heredity system
уу,water
уу-хаар,wetness
уулусса,street [<Russ. ulica]
уураах,decree
уус,smith
уус тыл,eloquence
ууһут,swimmer
уһан,handicraft
уһук,endpoint
үгэ,fable
үгэс,custom
үктэл,step
үллэһик,division
үлүк,stock
үлэ,work
үлэ-иис,work
үлэ-хамнас,work
үлэх,reservation
үлэһит,worker
үҥкүү,dance
үҥүү,praying
үөн,worm
үөн көйүүр,worms
үөрүйэх,habit
үөрэнээччи,student
үөрэтээччи,teacher
үөрэх,studies
үөскээһин,suffix
үөһү,top
үп,money
үп-ас,fortune
үр,wealth
үр хамнас,wealth
үр харчы,wealth
үрүмэ,cream
үрүмэччи,(white) butterfly
үрүҥ көмүс,silver
үрүҥ хара,color
үрүт,top (side)
үрэх,small river
үтүмэх,fishing pole
үтэһэ,spit
үүнүгэс,shoot
үүнүү,growing
үүнээйи,plant
үүт,hole
үүт,milk
үүтах,small
үһүйээн,legend
фонология,phonology
футбуол,football
фэрма,farm
хаа,slip
хаан,blood
хаар,snow
хаар-самыыр,rainy weather
хаарты,cards (game) [<Russ. karta]
хаартыска,picture
хаас,goose
хааха,dial. dried fish
хаахынай, хааха
хабах,bladder
хабдьы,partridge
хабылык,game of catching sticks
хайҕал,praise
хайысха,direction
хайыһар,skis
халаан,flood
халлаан,sky
халыып,comp. template
хамнааһын,moving
хамнас,salary
хамначчыт,servant
хамсатааччы,engine
хаппах,cover
хаппахчы,storeroom
хаппыйах,comp. folder
хапсаҕай,wrestling match
хаптаһын,flat board
хапхаан,trap [<Russ. капкан]
хара дьай,misfortune
харах,eye
харах уута,tear
харбыыр,broom
харда,reply
харчы,money
харыс,care
хаспах,hole
хатат,flint
хатта,large intestine of a horse
хаттык,extra layer of clothing
хатылыыга,comp. frequency
хатын,dial cf хотун lady
хатыҥ,birch (Betula sp.)
хатырык,bark
хатыс,leather rope
хатыыр,lock
хах,cover
хахай,lion
хахха,shelter
хаһыат,newspaper
хаһыы,yell
хобуо,slander
хол,(rear) leg
холбоһук,union
холбуу,comitative case
хомус,mouth harp
хоноһо,overnight guest
хонук,overnight stay
хортуоска,potato [<Russ. картофель]
хоруо,soot
хоруолук,carbohydrate
хос,room
хоспох,small room
хоту,north
хотун,lady
хотуур,scythe
хоһоон,poem
хоһоонндьут,poet
чаакы,cup
чаас,hour [<Russ. час]
чаҕылҕан,lightning [<Mong. čakilγan]
чемпион,champion [<Russ.]
чочу,whetstone
чуораан,bell
чуучаах,small bird
чучуна,yeti
чэй,tea [<Russ. чай]
чэй,tea [<Russ. чай]
чэр,scar
чэрэниилэ,ink [<Russ. чернила]
чэрэниилэ иһитэ,inkstand
шарик,balloon [<Russ.]
ыаҕайа,bucket
ыаҕас,milking bucket
ыаҕас,bucket
ыал,family
ыал,neighbor [<Mong. ayil]
ыалчыт,guest
ыар,difficulty
ыарыы,disease
ыас,resin
ый,moon
ыйаах,decree
ыйаһыын,weighing
ыйынньык,comp. link
ыйытар,question
ылгын чыкыйа,little
ымсыы,envy
ынах,cow
ыҥыыр,saddle
ыраахтаҕы,czar
ырыа,song
ырыаһыт,singer
ырытыы,analysis
ыстаныак,(machine) bench [<Russ. станок]
ыт,dog
ыт тиҥилэҕэ,cloudberry (Rubus chamaemorus)
ытарҕа,earring
ытык,utensil for whipping cream
ытырым,bit
ытыс,palm (of hand)
ыһаары,fried food
ыһыах,summer solstice holiday
ыыраах,division of a hoof
ыыс,smoke
ыыс-быдаан,dense darkness
эбии,addition
эбиилик,bonus
эбиэс,sheep [<Russ. овца]
эбиэт,dinner
эбэ,grandmother
эбэҥки,Evenki
эҕэ,capticiousness
эдьиий,sister (elder)
эдьиий,aunt
эйэ,peace
элиэ,kite (bird)
эмп,medicine
эмтиэкэ,pharmacy [<Russ. аптека]
эмчит,physician
эмээхсин,old woman
эҥэр,skirts
эр,man
эр санаа,courage
эр санаа,courage
эрбии,saw (tool)
эрбэх,thumb
эргимтэ,circle
эргин,environs
эргиэн,trade
эрдии,oar
эриэн,motley
эриэппэ,turnip [<Russ. репа]
эртэбэс,boot
эрэй,suffering
эрэй-буруй,suffering
эрэкэрдииһи,record-breaker [<Russ. рекордист]
эрэсиинэ,resin [<Russ. ресин]
эрэт,fine fellow
эт,flesh
этин,sentence
этиҥ,thunder
этиҥнээх самыыр,thunderstorm
эттик,body (in physics)
этчит,butcher
этэрбэс,boot
эһэ,grandfather
эһэ,bear
ээҕэ,sarcasm
юрист,lawyer
алтан,copper
доҕоттор,friends
дьахталлар,women
кыыргыттар,girls
оҕонньоттор,old men
ойуттар,shamans
уолатар,boys
хотут,lady
эмээхситтэр,old women
доҕор,friend
дьахтар,woman
оҕонньор,old man
аҕыс,eight
алта,six
аҥар,half
аҥар,half
ахсыс,eighth
биир,one
биэс,five
бэһис,fifth
икки,two
иккис,second
отут,thirty
сүүрбэ,twenty
сүүс,(one) hundred
сэттэ,seven
тоҕус,nine
түөрт,four
уон,ten
үс,three
били,that
биһиги,we
бу,this
бэйэ бэйэ,each other
ити,this
итинник,such
ким да,no one
ким даҕаны,no one
ким эрэ,someone
кини,he
кинилэр,they
кинилэр киэнэ,theirs
киниэнэ,his
мин,I
миэнэ,mine
ол,it
эй̃иэнэ,yours
эһиги,you (plural)
эһиэнэ,yours
эн,you (singular)
ааҕыс=,to reckon with
аал=,to rub
аалыс=,to socialize
ааннаа=,to provide with a door
аас=,to go past
аах=,to read
аахай=,to pay attention
абааһы көр=,to dislike
абар=,to be annoyed
абатый=,to become annoyed
абыраа=,to save
абырахтаа=,to repair
аҕаа=,to glue
аҕал=,to give
аҕыйаа=,to dwindle
аҕын=,to remember
аҕырыа=,to be moderate
ай=,to create
айдаар=,to be noisy
албаа=,to flatter
алҕаа=,to bless
алҕаһаа=,to err
алдьат=,to break
аллай=,to open one’s mouth widely
аллар=,to hollow
алчай=,to spread one’s legs
алын=,to seep
анаа=,to appoint
анат=,to have set
анньылаа=,to push
аҥардаа=,to divide in half
ар гын=,to roar
араар=,to separate
араар=,to separate
араҕыс=,to depart
араҕыстый=,to become yellow
аралдьый=,to be distracted
аралдьыт=,to distract
арах=,to become separated
арбай=,to have messy hair
ардахтаа=,to rain
арый,to open
ас=,to open
ас=,to strike
астаа=,to cook
астан=,to be prepared (of food)
астын=,to enjoy
атаар=,to dispatch
атаҕастаа=,to offend
атта=,to castrate
атыылаа=,to sell
атыылас=,to buy
ах=,to stop flowing
ахсаа=,to weaken
ахсат=,to make weak
аһаа=,to eat
аһар=,to let through
аһат=,to feed (animals)
аһый=,to go sour
аһын=,to feel sorry for
баа гын=,to speak in a low voice
бааҕынаа=,to speak in a low voice
бааҕынас,low (of voice)
баай=,to tie
баайыс=,to carp at
баалаа=,to force
баар,there is/are
баас=,to bind (together
бааһыр=,to be wounded
бааччай=,to complicate
багдай=,to have broad shoulders
баҕар=,to desire
бай=,to become rich
баллырҕаа=,to blabber
балыктаа=,to fish
бар гын=,to roar
бар=,to brew (of tea)
бар=,to go
бараа=,to spend
барый=,to appear dimly in the distance
бас=,to fetch (water)
бастаа=,to become first
басый=,to master
бат=,to chase
бат=,to fit into
баттаа=,to press
батыс=,to follow
бахчай=,to straddle
баһый,to master
баһырҕаа=,to buzz
бил=,to know
билис=,to become acquainted with
биллэр=,to communicate
биллэрил=,to be made
бириһээ=,to admire
бириэмийэлээ=,to award
бис=,to grease
биһирээ=,to like
биэр=,to give
биэрил=, бэрил=
бодьоо=,to set a timeframe
болоор=,to become blurred
боп=,to forbid
боронньулаа=,to harrow
босхолоо=,to liberate
ботугунай=,to whisper
бөрөлөө=,to hunt wolves
бөрөө=,to wrap
бөт=,to hiccup
бугуллаа=,to stack
бул=,to find
булкуй=,to confuse
бултаа=,to hunt
буой=,to forbid
буол=,to be
буортулаа=,to harm
буот=,to calm
буоһалаа=,to rein in
бурай=,to make scatter
буралын=,to scatter
бурдук астаа=,to thresh
буруй=,to twist something
буруолаа=,to smoke
бус=,to cook
бус=,to ripen
бутуй=,to mix
буу гын=,to wheeze
буутайдаа=,to confuse [<Russ. путай]
буһар=,to cook
бүк=,to hide oneself to bend
бүрүй=,to cover
бүрүлүн=,to be covered
бүт=,to finish
бүтэр=,to cause to end
бык=,to look out
былдьаа=,to take away
былтарый=,to exit
былтарыт=,to force
былытыр=,to become cloudy
бырах=,to cast
быс=,to cut
бытаар=,to slow down
бытарый=,to be crumbled up
быһаар=,to explain
быыбардаа=,to elect
быыһаа=,to save
бэкий=,to be lean
бэлиэтии көр=,to observe
бэлэмнээ=,to prepare
бэлэскэр түһэр=,to give a hostile reception
бэргэт=,to make worse
бэргээ=,to become worse (of a disease)
бэрдимсий=,to pretend to be excellent
бэрис=,to share
бэрэбиэркэлээ=,to examine
бэрэмээттээ=,to seine
бэчээттээ=,to print [<Russ. печатать]
гын=,to do
даа гын=,to croak
даҕаа=,to touch lightly
дайбаа=,to wave
далай=,to wave
даллай=,to extend
диэ=,to say
доҕолоҥноо=,to limp
долгуй=,to surge
долгут=,to cause to surge
доргуй=,to sound
доргут=,to make sound
дөбөҥсүй=,to become fast
дөй=,to grow silent
дуорай=,to echo
дуорат=,to make produce an echo
дуумайдаа=,to think
дьааһый=,to yawn
дьааһыт=,to make yawn
дьадай=,to become poor
дьай=,to be absorbed
дьайҕаар=,to clear up (of the sky)
дьалай=,to direct to observe
дьалбаар=,to become absentminded
дьалкый=,to splash
дьалкыт=,to splash
дьаллай=,to expand upward
дьаптай=,to compress
дьапталын=,to be compressed
дьарылаа=,to shake
дьаһай=,to manage
дьаһалымсый=,to meddle
дьиэлээ=,to marry
дьөл=,to pierce
дьөлө ас=,to pierce
дьөлөрүй=,to get holes
дьулай=,to be afraid
дьулуй=,to aspireto work on
дьүдьэй=,to become skinny
дьүдьэт=,to make thin
дьэбинний=,to become rusty
дьэндьэннээ=,to pick strawberries
иил=,to hang
иилиһин=,to become entangled
иин=,to emaciate
иир=,to go mad
ииригир=,to behave foolishly
иирис=,to quarrel with
иистэн=,to sew
иит=,to bring up
илгиһин=,to shake down (e.g.the head)
илдирий=,to fall to pieces
илдьэллэр=,to drive off
илий=,to become wet
илимнээ=,to net
илит=,to make wet
илит=,to wet
илиһин=,to become exhausted
илк=,to cast off
илт=,to take away
имит=,to press
инчэй=,to become wet
иҥ=,to be absorbed
иҥин=,to stick to
иҥсэр=,to covet
ир=,to boil
ир=,to melt (of snow)
ириҥэтий=,to exude pus
ис=,to drink
ис=,to go
ис=,to swell
искэй=,to swell
ит=,to bear
итигэстээ=,to gather
итир=,to get drunk
итит=,to heat
итэҕэй=,to believe
иһигир=,to swell
иһиир=,to whistle
иһит=,to hear
иһэлий=,to swell/redden from cold
иһэлит=,to make swell/redden from cold
иэҕэй=,to bend
иэдэй=,to fare poorly
иэдэт=,to make fare poorly
иэх=,to bend
киир=,to enter
кик=,to incite
килбигий=,to become timid
килбий=,to be timid
киллэр=,to bring
киллэр=,to enter
килэй=,to reflect
ким=,to press hard
кир=,to chew
киртий=,to become dirty
кистээ=,to hide
кистээ=,to neigh
киһитий=,to become humane
киэргэй=,to become more pretty
киэргэт=,to decorate
киэһэр=,to grow dark
көбүт=,to make fluff
көҕөр=,to become blue
көҕүй=,to stimulate
көлүй=,to yoke
көм=,to bury
көмөлөс=,to help
көмүскээ=,to defend
көн=,to straighten
көннөр=,to straighten
көҥөө=,to restrict
көҥөс=,be greedy
көппөй=,to become lazy
көппөт=,to make lazy
көр=,to see
көрдөө=,to look for
көрдөс=,to beg
көрүс=,to meet
көс=,to migrate
көт=,to fly
көтөллөө=,to hitch horses together
көтөх=,to lift
көтүр=,to tear down
көтүт=,to miss
көтүт=,to winnow
көххө=,to accompany
көһүй=,to become numb
көһүс=,to appear
көһүт=,to make numb
кубарый=,to become pale
куоластаа=,to vote
куот=,to run away from
куоталаа=,to outrun
куоталас=,to compete
куотун=,to evade
куруй=,to become stale
курулаа=,to gurgle
кут=,to pour
куттаа=,to frighten
куттан=,to become scared
куур=,to dry
куур=,to perform a shaman’s ritual
куурт=,to be dried
куус=,to hug
кучуй=,to reach an agreement
күл=,to laugh
күөрэй=,to soar up
күрт=,to dig
күрт=,to shovel
күрээ=,to run away
күү гын=,to buzz
күүр=,to strain
күүт=,to wait for
күүһүмсүй=,to pretend to be strong
кыай=,to be able to win
кыайтар=,to lose
кыбын=,to grip
кыбыт=,to insert
кыдьый=,to become old
кыйаар=,to fly far away
кыккыраа=,to creak
кылан=,to squint
кылат=,to cause to squint
кылгаа=,to shorten
кылырҕаа=,to rattle
кыҥкынаа=,to clink
кыҥсий=,to speak through one’s nose
кыраай=,to soar up very far
кырааскалаа=,to paint
кыраат=,to throw up very far
кыратый=,to become small
кырбаа=,to cut into pieces to strike
кырдьаҕаһымсый=,to pretend to be old
кырый=,to become old
кырый=,to cut
кырыктый=,to become angry
кырыт,to make age
кыс=,to cut
кыстаа=,to winter
кытар=,to become red
кытат=,to become hard
кыһай=,to force
кыһан=,to do one’s best
кыһан=,to need
кыһый=,to itch
кыһый=,to resent
кыһыр=,to become angry
кыһыт=,to vex
кыһыы=,to scrape
кыыллый=,to become brutal
кыыр=,to act as a shaman
кыырай=,to soar up very far/high
кыырат=,to throw
кэбирэт=,to make fragile
кэбирээ=,to become fragile
кэбис=,to throw
кэбиһилин=,to leave behind
кэдэй=,to bend foreward
кэй=,to strike with the head or horns
кэл=,to come
кэлтэй=,to become asymmetric
кэлтэт=,to make asymmetric
кэмнээ=,to measure
кэмсин=,to regret
кэпсэт=,to talk to
кэпсээ=,to tell
кэрбээ=,to gnaw
кэрт=,to hack
кэс=,to wade through
кэт=,to wear
кэтилин=,to be stumbled upon
кэтэрт=,to put
кэтэс=,to wait
кэтээ=,to guard
кэтээ=,to watch
кэһэй=,to learn
кэһэт=,to teach a lesson
кээс=,dial. cf. кэбис= to throw
лахсый=,to talk rubbish
линкинээ=,to ring
лиһирдээ=,to tramp
лэкээ=,to chop
маадьай=,to be bandy-legged
манаа=,to graze
манньыат,coin
манньый=,to do a favor to be sentimental
манньый=,to be sentimental
манньыт=,to make sentimental
маҥхай=,to whiten
маҥыраа=,to low (of a cow)
марайдаа=,to soil
мат=,to deprive of something
матай=,to have a broad back
махчай=,to squat
миин=,to ride (a horse
минньий=,to become sweet
мөккүс=,to argue
мөлбөй=,to become large
мөлтөө=,to weaken
мөх=,to scold
мун=,to lose one’s way
муннар=,to make lost
муннахсый=,to doubt
мунньус=,to gather
муоһалаа=,to rein in
мус=,to gather
мэлдьэс=,to deny
мэлий=,to perish
мэлий=,to disappear
мэлит=,to make perish
мэнэрий=,to hallucinate
мэнэрит=,to make hallucinate
мэһэйдээ=,to annoy
наҕылый=,to relax
наҕылыт=,to make relax
наймы,hiring [<Russ. найми]
наймылаа=,to hire
намый=,to weaken
нүөлүй=,to subside
нүөлүт=,to make subside
ньаа гын=,to squeak
ньиргий=,to thunder
ньирмсий=,to act stupid
ньолбой=,to become oval
ньолой=,to have a long face
ньохчой=,to stoop
ньөкөй=,to trample down in a press
ньургуй=,to be first
ньургут=,to glorify
обор=,to absorb
оҕолоо=,to nurse
оҕомсуй=,to act childish
оҕонньорсуй=,to become like an old man
оҕун=,to fall
оҕус= (охcо=),to hit
оҕут= (охтор=),to fall
ой=,to jump
ойун=,to come apart
олор=,to live
олорт=,to set out
олохсуй=,to settle
оҥ=,to gouge
оҥ=,to tear out
оҥой=,to become open
оҥор=,to make
оҥот=,to open
оонньоо=,to play
оргуй=,to boil
оргут=,to boil
ороос=,to mix up
орт=,to remain
ос=,to heal
оттоо=,to light
отун=,to make fire
отчуоттаа=,to report
охсуо=,to fight
охтор=,to make fall
өҕүй=,to burp
өҕүт=,to make burp
өйдөө=,to understand
өйдөөҕүмсүй=,to pretend to be clever
өйдөт=,to explain
өйдүө=,to remember
өйөө=,to support
өл=,to die
өлөр=,to kill
өлөр=,to earn
өлөрт=,to murder
өр=,to knit
өркөй=,to become enthusiastic
өрөй=,to look up
өрөө=,to rest
өт=,to ooze
өтүүктээ=,to iron (clothing)
өһөө=,to bear a grudge against
өһөс=,to oppose
өһүл=,to disentangle
өһүр=,to bear a grudge against someone
өһүргэн=,to be offended
өһүргэт=,to offend
рэмонна=,to repair
са гын=,to laugh
саай=,to hit
саалын=,to bump into
саараа=,to doubt
саҕалаа=,to begin
сайҕаа=,to rinse
сайын=,to develop
сайыс=,to be unwilling to let someone go
салаа=,to lick
салай=,to manage
салҕаа=,to continue
салт=,to be bored
санат=,to remind
саҥар=,to speak
сарааппайдаа=,to scratch [<Russ. царапай]
сарбый=,to shorten
сас=,to hide (oneself)
сатаа=,to know how to do something
сахсый=,to shake up
саһар=,to become yellow
сибээ=,to smear
сиир=,to tear
силлээ=,to spit
сим=,to blink
сим=,to stuff in
симилий=,to vanish
симитин=,to be shy
сиппий=,to sweep
сипсий=,to whisper
сир=,to disdain
сиргэн=,to be disgusted
сиргэт=,to disgust
сит=,to reach
ситис=,to succeed
сиэ=,to eat
собуй=,to replace
сой=,to cool down
солоо=,to clean up
соноо=,to grow stout
сот=,to wipe
сотун=,to wipe oneself
сох=,to pound in a mortar
соһуй=,to be surprised
соһут=,to surprise
сөбүл=,to like
сөҥ=,to precipitate
сөпсүө=,to approve [<Mong. ǰöbšiye-]
сөтөлүн=,to cough
сөтүөлэ=,to swim
сөх=,to admire
субуй=,to stretch out
субулун=,to trail
субуруй=,to extend
субурут=,to cause to
суох,there is/are not
сургуй=,to squeeze through
суруй=,to write
сурут=,to make write
сууй=,to wash
суул=, суулун=
суун=,to be washed
суус=,to be mistaken
сүгүрүй=,to worship
сүк=,to carry on one’s back
сүл=,to skin
сүт=,to lose
сүүй=,to win
сүүйтэр=,to lose
сүүл=,to be in heat (of animals)
сүүр=,to run
сыҕарый=,to step aside
сылааһыр=,to become warm
сылай,to become warm
сылай,to tire
сылай=,to become tired
сылат,to make tire
сылҕарый=,to be moved aside
сылҕарыт=,to (make) move aside
сыллаа=,to kiss
сымсатый=,to pretend to be crafty
сынньан=,to rest
сынтай=,to be snub-nosed
сырдаа=,to become light
сырыт=,to go
сыт=,to lie (down)
сытый=,to rot
сытыт=,to make rot
сытыымсый=,to pretend to be clever
сыһыар=,to attach
сыһын=,to attach oneself to
сыһын=,to stick to
сыыл=,to crawl
сыыс=,to be mistaken
сэгэй=,to be slightly opened
сэгэт=,to open slightly
сэлэс=,to chat about idly
сэмэлээ=,to reproach
сэргээ=,to show interest
та гын=,to tap
таай=,to guess
таал=,to be petrified
таҕыс=,to be taken out
тайаа=,to prop
тал=,to elect
талкайдаа=,to push [<Russ. толкай]
таҥаа=,arch. to put together pieces of material
таҥын=,to dress oneself
тап=,to hit (a mark)
таптаа=,to love [<Mong. tabčiya=]
тапыс=,to get along with
тараа=,to comb
тарай=,to become bald
тарҕан=,to spread
тарт=,to pull
таскайдаа=,to carry [<Russ. таскай]
тат=,to pull
таһаар=,to publish
таһын=,to clap
тиий=,to reach
тиир=,to pull
тик=,to sew
тилин=,to come to life
тимир=,to drown
тирит=,to sweat
тирээ=,to prop
тис=,to place on a spit or skewer
тиэр=,to turn inside out
тобурахтаа=,to hail
тойомсуй=,to act bossy
токуруй=,to bend
токурут=,to make bend
толкуйдаа=,to think
томтой=,to bulge
тоҥ=,to freeze
тоҥор=,to make freeze
тоҥсуй=,to knock
тотор=,to feed fully
тох=,to pour
тохтоо=,to stop
тоһуй=,to ambush
тоһун=,to break
төгүрүй=,to make round
төкүнүй=,to roll
төлөө=,to pay
төнүн=,to return
тубус=,to improve
туйаар=,to sing(of a lark)
тулуй=,to endure
тулун=,to be pulled out
туналый=,to become white
туналыт=,to make white
туой=,INTJ
тур=,to stand
тургуй=,to be renewed
тургут=,to renew
туртай=,to become white
туртат=,to make white
тут=,to hold
тутай=,to diminish
туур=,to handle
туһа, туһан=
туһаай=,to direct
туһун=,to wrestle
түлүн=,to rise
түм=,to sum up
түмүк,conclusion
түөс=,to evoke
түөһэй=,to become senile
түөһэт=,to make senile
түргэт=,to make quick
түс=,to fall
тыалыр=,to blow
тыйыһый, тыйыһыр=
тыйыһыт=,to make hard
тылын=,to blossom
тымный=,to become cold
тыыр=,to cut open
тэбээ=,to shake off
тэл=,to cut
тэлгээ=,to spread
тэлэй=,to reveal
тэний=,to be spread
тэнит=,to spread
тэп=,to kick
тэрий=,to arrange
тэс=,to pierce through
тэтэр=,to become rosy
убаа=,to be diluted
убай=,to burn
убат=,to dilute
уй=,to support
уйаа=,to weight
ук=,to put into
улаат=,to grow
уларсы=,to lend
уларый=,to change
умай=,to burn
умат=,to make/cause to burn
умун=,to forget
умус=,to dive
уҥ=,to faint
уой=,to become fat
уол=,to subside
уоллар=,to make run dry
уоп=,to take a mouthful
уор=,to steal
уот=,to make fat
уоттуй=,to spoil as a result of sun or fire
уруһуйдаа=,to paint
уст=,to float
утар=,to oppose
утат=,to become thirsty
утуй=,to sleep
утут=,to make sleep
уулун=,to melt
уун=,to stretch
ууннэр=,to make stretch
уур=,to place
уураа=,to kiss
уурай=,to stop
уурат=,to dismiss
уустугур=,to become complicated
ууһумсуй=,to pretend to be a master
уһаар=,to cause to float
уһуй=,to teach
уһул=,to take off
үксээ=,to increase
үктээ=,to step
үллэр=,to divide
үлүй=,to be frostbitten
үлүн=,to swell
үлүт=,to cause to be frostbitten
үлэлээ=,to work
үлэс=,to agree upon
үҥ(к)=,to pray
үҥүс=,to complain
үөрэн=,to learn
үөрэт=,to teach
үөх=,to call names
үргээ=,to pick (a flower)
үрүмэтий=,to become creamy
үрэй=,to destroy
үрэйлин=,to be destroyed
үт=,to fry
үт=,to put into water
үт=,to strike
үтүгүн=,to imitate
үтүөмсүй=,to put on airs
үтүөр=,to become better
үтүрүй=,to knock over
үүн=,to grow
үүннэр=,to make grow
үүр=,to drive away
үһүй=,to allegedly say
хаа гын=,to be hoarse
хаай=,to lock up
хаал=,to remain
хааллар=,to leave behind
хаам=,to walk
хаардаа=,to snow
хабылык,a type of game
хабыс=,to wrestle with
хайаа=,INTJ
хайҕаа=,to praise
хайыс=,to turn
хайыһардаа=,to ski
халай=,to overflow
халтарый=,to slip
халтарыт=,to trip up
халын=,to clear up (of the sky)
хамнаа, хамсаа=
хампарый=,to break into pieces
хамсат=,to move
хаҥсый=,to snuffle
хап=,to catch
хаптай=,to become flat
хаптат=,to make flat
харай=,to hide away
хараҥар=,to become dark
харатый=,to blacken
харбаа=,to sweep
хардар=,to reply
харыс=,to wrestle
харыһый=,to protect
хас=,to dig
хастаа=,to dig
хасыс=,to rake through
хат=,to become dry
хат=,to twist
хатаа=,to lock
хатыр=,to become dry (of skin)
хахсый=,to cough heavily
хаһыыр=,to yell
хачайдаа=,comp. download
хобуоччу,slanderer
хойун=,to thicken
хойуу,thick
холбоо=,to connect
холбос=,to unite
холоо=,to compare
холун=,to be defamed
холуочуй=,to become tipsy
хомой=,to be sad
хон=,to stay over night
хоҥун=,to be torn off
хор=,to furrow
хоргй=,to hunger
хоргут=,to be offended
хороо=,to quickly consume
хоруй=,to plough (not deeply)
хорут=,to plough (deeply)
хот=,to defeat
хоһуй=,to sing in a poem
һа гын=,to laugh
ча гын=,to laugh
чочуй=,to improve
чугуй=,to recede
чуумпур=,to hush
чэбдигир=,to become healthier
чэпчээ=,to become light
чэрдий=,to become scarred
ыа,to milk
ыа=,to milk
ыалдьытымсый=,to behave like a guest when one is not
ыараа=,to become heavy
ыарый=,to become sick
ыбыс=,to close up
ыгылый=,to be pressed
ыгыс=,to be squeezed
ыгыһын=,to strain oneself
ый=,to point at
ыйаа=,to weigh
ыйыт=,to ask
ыйыһын=,to swallow
ык=,to press
ыксаа=,to hurry
ыл=,to take
ыллаа=,to sing
ылыс=,to undertake
ымсыыр=,to envy
ынай=,to resemble a cow
ынат=,to make resemble a cow
ынахтаа=,to provide with cows
ыр=,to lose weight
ыраат=,to go far
ырааһыр=,to become clean
ырҕай=,to become fat
ырҕат=,to make fat
ырыт=,to analyze
ыс=,to scatter
ыстан=,to jump
ыт=,to shoot
ытаа=,to cry
ытый=,to whip cream
ытыр=,to bite
ытырт=,to sneeze
ыһаар=,to fry
ыһыгын=,to drop
ыыр=,to divide in two
ыыт=,to send
эбил=,to be added
эбиэттээ=,to dine
эйэлээ=,to make peace
эккирэт=,to chase
эккирээ=,to jump up
элбээ=,to multiply
эльий=,to cut thin
элэй=,to wear out
элэт=,to wear out
элээ=,to go around in a flighty manner
эм=,to suck
эмтээ=,to treat medically
эндэй=,to make mistakes
эп=,to add
эр=,to be
эрбээ=,to saw
эргий=,to turn around
эргит=,to make turn around
эрий=,to twist
эрилин=,to twist
эрис=,to wrestle
эрт=,to row
эрчий=,to exercise
эрэн=,to hope
эрэннэр=,to promise
эс=,to destroy
эс=,to shoot
эт=,to say
этис=,to argue
эттээ=,to butcher
эһилин=,to be done away with
эһэлээ=,to hunt bears
эчэт=,to chop up